user_id,name,contact,location_id
1,Kevin Castillo,stewartstephanie@example.com,383
2,Aaron Beasley,victoriayoung@example.org,60
3,Paul Lee,xmurphy@example.org,647
4,Jose Mejia,mreyes@example.org,647
5,Crystal West,cameron58@example.org,954
6,Mark Vaughn,johnvaldez@example.org,954
7,Stephen Jordan,trandall@example.net,647
8,Gina Delacruz,pfowler@example.org,60
9,Stephen Neal,benjamin63@example.com,753
10,Gina Gamble,maxwelljeffrey@example.org,891
11,Samantha Combs,tracy73@example.org,647
12,Steven Conley,smithphilip@example.net,530
13,Elizabeth Wallace,ellischristopher@example.com,502
14,Austin Wilkins,bartonsierra@example.org,595
15,Eduardo Hicks,moralesstephanie@example.com,647
16,Jon Bridges,sonia15@example.net,891
17,Kimberly Williams,morenosean@example.com,647
18,Pamela Acosta,jessica68@example.net,502
19,Russell Lambert,chavezhaley@example.net,595
20,Suzanne Mcgee,josephterry@example.org,753
21,David Hill,ocastillo@example.com,967
22,Christine Lee,bsteele@example.com,502
23,Cynthia Harper,katie89@example.org,954
24,Jose Moreno,sarahgonzalez@example.org,753
25,Gwendolyn Reed,bwatson@example.org,967
26,Paul Dean,cynthiareynolds@example.org,647
27,Shelly Dodson,michael74@example.net,530
28,Sara Aguilar,johnsonzachary@example.net,595
29,Wendy Leblanc,casey72@example.net,530
30,Lisa Erickson,haleyrice@example.com,383
31,James Jones,harrisongregg@example.com,954
32,Mrs. Karen Williams,hayesbrett@example.org,753
33,Christian Mcbride,kristen41@example.com,60
34,Richard Jenkins,cashley@example.org,647
35,Jacqueline Roberson,xsmith@example.com,891
36,Rebecca Smith,aaronphillips@example.net,967
37,Daniel Leonard,martinamy@example.net,753
38,Anthony Weiss,kgarrett@example.org,647
39,Christina Myers,kristengregory@example.net,891
40,Noah Ramirez,kholmes@example.com,502
41,Joshua Weaver,amartinez@example.org,753
42,Brandon Burns,njohnson@example.org,647
43,Andrew Soto,bgibson@example.com,595
44,Taylor Foley,gsmith@example.com,502
45,Christopher Miller,fbennett@example.net,967
46,Jose Black,david80@example.net,647
47,Charles Alexander,vwalters@example.com,954
48,Samuel Johnson,gjames@example.net,647
49,Michael Gentry,manningchristine@example.org,60
50,Mr. Jackson Moon,qmartin@example.net,967
51,Melvin Armstrong,karenmcgee@example.org,967
52,Lee Ferguson,rittercolleen@example.net,954
53,Andrew Collins,smithchristopher@example.com,383
54,Todd Mora,jennifer05@example.net,383
55,Pamela Garcia,tammy03@example.net,954
56,Sean Weaver,matthew67@example.com,60
57,Mrs. Donna Guzman,luke63@example.com,530
58,Dr. Kristen Howell,theresa80@example.org,967
59,James Young,brownantonio@example.org,891
60,Thomas White,larry82@example.com,530
61,Zoe Smith,reedmiguel@example.org,954
62,Katie Melton,michelle07@example.org,954
63,Eric Young,pdavis@example.com,954
64,Kevin Lee,erichunter@example.org,502
65,Rodney Davis,lgreen@example.net,753
66,Ralph Ramirez,teresa19@example.org,60
67,Allison Lee,adam40@example.org,502
68,Edward Maldonado,bridgesdouglas@example.net,891
69,Blake Morse,dominguezmary@example.org,383
70,Michael Blair,zacharychavez@example.com,647
71,Nicole Sutton,richardkidd@example.org,383
72,Richard Johnson,marshalldavid@example.org,647
73,Luke Trevino,cmason@example.net,647
74,Lawrence Chapman,lspence@example.net,954
75,Mariah Lee,adrianwells@example.org,502
76,David Johnson,roachdarren@example.org,891
77,Louis White,bmckenzie@example.net,502
78,Heather Patterson,russellterri@example.org,954
79,Erin Sanders,anthony66@example.com,502
80,Tammy Butler,zthomas@example.org,383
81,Melissa Peters,john38@example.net,753
82,Ms. Jane Garcia DDS,schroederjessica@example.net,502
83,Kathryn Perez,onealkaren@example.net,967
84,Wendy Harris,kperkins@example.com,753
85,Ashley Baker,tonyahebert@example.org,891
86,Donna Barron,rebecca25@example.org,647
87,Denise Lewis,debbie34@example.net,383
88,Kimberly Tran,fzhang@example.org,753
89,Richard Perry,mgordon@example.com,383
90,Seth Mathews,paulacole@example.net,891
91,Andrea Brown,teresa68@example.org,383
92,Rhonda Mann,maria44@example.net,530
93,Amy Todd,bateswendy@example.net,954
94,Brandy Smith,butleralexandria@example.com,647
95,Brett Jones,robinsonjennifer@example.org,753
96,Matthew Mckee,kimberlygrant@example.org,60
97,Scott Harrison,beth74@example.org,530
98,Elizabeth Trujillo,trujilloemily@example.net,753
99,Felicia Valdez,kfisher@example.org,647
100,Caitlin Bender,cgregory@example.org,595
101,Cynthia Lee,davidmccarty@example.net,383
102,Jeremy Black,iwatkins@example.org,954
103,Kathleen Freeman,emily59@example.org,530
104,Denise Marshall,ukelly@example.net,967
105,Adam Davis,robingray@example.net,647
106,Mary Wilkins,jessicabeltran@example.org,954
107,Tyler Rodriguez,underwoodbenjamin@example.com,530
108,Jennifer Guerrero,lopezkevin@example.net,383
109,Dana Mercado,victorcollins@example.net,60
110,Henry Hale,asmith@example.org,383
111,Thomas Ball,michael68@example.com,530
112,Kimberly Johnson,manningmallory@example.com,383
113,Julia Foster,mriley@example.net,891
114,Taylor Andrews,schmidtheather@example.org,383
115,Neil Cantrell,hclark@example.com,647
116,Jessica Trujillo,stephaniejohnson@example.org,753
117,Jonathan Phillips,cassandrahill@example.org,967
118,Andrew Robinson,calhoundominique@example.org,891
119,Maria Morgan,lisa55@example.net,502
120,Steven Larson,jacqueline26@example.com,647
121,Janice Davis,gilmoremichael@example.net,502
122,Michael Ortiz,manuel11@example.com,753
123,Michael Nguyen,ngraham@example.org,595
124,Maurice Wang,nmoon@example.com,954
125,Roberta Hill,martinmonique@example.org,753
126,Jose Perry,sdavis@example.com,647
127,William Pope,patricia41@example.org,647
128,Alison Parker,bethmayer@example.org,530
129,Megan Olson,bcannon@example.net,954
130,Jennifer Macias,xbryant@example.com,60
131,Marissa Ray,jacksondaniel@example.net,502
132,Kristina Benjamin,munoznicole@example.net,891
133,Jonathon Collins,benjamin62@example.org,383
134,Monique Horton,cohenlori@example.com,595
135,Nicholas Johnson,maryfreeman@example.com,967
136,Annette Taylor,syang@example.org,753
137,Amanda Chang,richardsonkatie@example.com,383
138,Michelle Perez,katherine27@example.net,753
139,Carol White,daviesmichelle@example.org,595
140,Andrew Davis,vjohnston@example.org,383
141,Amanda Hubbard,charlottelawson@example.com,502
142,Elizabeth Davis,brittanyvalenzuela@example.net,891
143,John Barajas,lfuentes@example.com,60
144,Anthony Alexander,ihamilton@example.com,60
145,Troy Alvarado,christopher28@example.net,967
146,Jeremy Turner,austinmurray@example.com,753
147,Dawn Sullivan,atkinsondiane@example.net,954
148,Johnny Jones,kellyjohnson@example.org,954
149,Douglas Mccullough,april81@example.org,967
150,Sean Thompson,mmitchell@example.com,383
151,Stephanie Cox,wendyfox@example.net,891
152,Sean Palmer,jesse67@example.net,891
153,Joseph Holmes,timothy60@example.net,967
154,Jennifer Graves,kbenton@example.com,891
155,Lindsey Lee,kellyheather@example.com,60
156,Samantha Hood,samantha10@example.com,647
157,Andrea Knox,thomasdixon@example.com,891
158,Emma Sanchez,robert53@example.com,647
159,Nancy Jones,trandolph@example.net,954
160,Mark Green,vperry@example.net,595
161,Christopher Morris,cbarnett@example.org,967
162,Carlos Pena,gpark@example.net,954
163,Amanda Jones,lfoster@example.com,502
164,Elizabeth Newman,williamsraymond@example.com,753
165,Loretta Hopkins,steven72@example.org,954
166,Elaine Underwood,christopherhiggins@example.com,954
167,Jennifer Osborne,dwaynegraves@example.org,647
168,Chelsey Wheeler,ylee@example.org,530
169,Timothy Davenport,kathy19@example.net,891
170,Erin Torres,walkerlisa@example.org,891
171,Dr. William Mullins MD,rnewton@example.com,647
172,Jasmine Douglas,tsnyder@example.net,595
173,Tracy Middleton,jacob39@example.com,60
174,Stephanie Hahn,diazrandy@example.org,647
175,Donald Vaughn,sarah98@example.com,967
176,Cynthia Rios,jessicacastro@example.com,967
177,Mr. Joseph Johnson Jr.,kvasquez@example.org,502
178,Dr. Jose May,haneyjohn@example.net,530
179,Mrs. Margaret Jones,williambryant@example.net,891
180,Mark Mejia PhD,joan34@example.org,530
181,Mr. Austin Pearson,tsmith@example.net,530
182,Mr. Johnathan Barker,ffisher@example.com,60
183,Danny Evans,gswanson@example.net,502
184,Brooke Church,catherinelucas@example.net,954
185,James Gray,melissaallison@example.org,954
186,Wanda Gibson,ngriffin@example.com,647
187,Henry Lewis,fernandezjeffery@example.org,967
188,Tonya Flynn,wallacebrenda@example.net,647
189,Angela Walsh,jsmith@example.org,891
190,Aimee Reid,matthew85@example.org,967
191,Adam Morgan,garciadana@example.org,502
192,Jason Phillips,dennisjimenez@example.net,530
193,Laura Chen,cassandradoyle@example.net,967
194,Tammy Bryan,rcaldwell@example.net,647
195,Lori Price,iedwards@example.org,753
196,David Shepherd,dillonwayne@example.org,954
197,James Velasquez,thomasfoster@example.com,954
198,Kelly Green,anthonyrogers@example.org,647
199,Joseph Simmons DDS,hernandezsara@example.com,60
200,Christopher Mendoza,jose38@example.org,60
201,Mr. Randall Thompson,oaguilar@example.org,60
202,Frederick Jones,jody08@example.org,753
203,Andrew Gutierrez,hughesglen@example.com,502
204,Angie Johnson,webbjennifer@example.com,530
205,James Arnold,joshua70@example.com,967
206,Lori Johnson,shernandez@example.net,60
207,Andrew Harris,pam06@example.com,647
208,Catherine Morris,renee75@example.net,595
209,Kathryn Parker,joseph23@example.net,891
210,Paul Garcia,chernandez@example.org,530
211,Derek Perez,lbaker@example.net,967
212,Diane Wagner,chelsea27@example.net,954
213,Margaret Lopez,jeffrey36@example.net,967
214,Jennifer Chandler,randallbrown@example.net,60
215,Larry Terry,vernon76@example.net,954
216,Eduardo Duncan,williamsdavid@example.org,595
217,Gregory Armstrong,jacqueline99@example.com,647
218,Christina Mcdowell,patrick31@example.org,502
219,Kari Mccall,danielle67@example.net,60
220,Maxwell Watson,kellerkatrina@example.com,530
221,Rebecca Williams,joshua55@example.com,753
222,Eric Lester,wilsonrobert@example.org,891
223,Brett Grant,timothy42@example.org,530
224,Crystal Morton,melissa40@example.com,595
225,Billy Ruiz,fwhite@example.net,60
226,Lisa Dudley,jodi25@example.com,647
227,Gary Miller,jorgeburns@example.org,753
228,Erica Cooper,stacycruz@example.com,891
229,Chloe Walters,debra66@example.com,595
230,Dr. Shirley Smith,brownlauren@example.net,60
231,Daniel Winters,garybrady@example.net,60
232,Brian Ayers,kimberly56@example.com,967
233,Christopher Smith,mullenbradley@example.net,502
234,Derrick Wilkins,hannah86@example.net,954
235,Amber Melton,martha30@example.net,954
236,Laura Rios,thomas35@example.com,647
237,Steven Sanders,natalie43@example.net,530
238,Kristen Henderson,melaniepeterson@example.net,502
239,Tiffany Bartlett,lkennedy@example.com,967
240,Samantha Chan,mccoyclayton@example.net,954
241,Antonio Andrews,williamstheresa@example.net,891
242,William Vazquez,sarah41@example.net,891
243,Fernando Baxter,crystallee@example.org,967
244,Kelly Fisher,keith35@example.org,502
245,Edward Mercado,kaitlingibson@example.net,595
246,Stephen Roberts,dustinpeterson@example.org,753
247,Joseph Anderson,monicawilson@example.net,595
248,Felicia Carroll,cannonricardo@example.com,383
249,Brandy Campbell,talvarado@example.org,967
250,John Patterson,cynthiaabbott@example.org,502
251,Erin Fritz,xnorton@example.org,891
252,Sharon Mccarthy,valdezjason@example.net,595
253,Robert Garcia,charlesmiller@example.net,595
254,Adam Acevedo,jgilbert@example.org,753
255,Joseph Cantrell,lisalee@example.com,383
256,Bradley Huynh,martha27@example.net,891
257,Maria Mccullough,matthew23@example.com,383
258,Nancy Johnson,yolandabrooks@example.net,60
259,Bonnie Collins,tortiz@example.org,954
260,Ashley Thomas,karen89@example.net,891
261,Jessica Rowland,williamsstefanie@example.com,530
262,Dr. Lorraine Roberts,jenniferriggs@example.org,954
263,Robert Fletcher,castrosavannah@example.net,530
264,Laura Mercer,megan48@example.com,647
265,Kaitlyn Pruitt,smithtravis@example.org,647
266,Lauren Rodriguez,julie67@example.org,530
267,Joseph Savage,wigginsashley@example.net,530
268,Stacy Dean,rmartinez@example.org,891
269,Larry Sampson,romancalvin@example.net,383
270,Lauren Reed,bairdkarla@example.com,891
271,Brenda Mullins,amandadean@example.net,502
272,Mr. Dustin Santos,antoniodelgado@example.net,502
273,Jennifer Bryan,richardsonrobin@example.com,595
274,Madison Keller,marytrujillo@example.org,967
275,Katherine Watson,shawn49@example.net,891
276,Troy Larson,qkelly@example.com,647
277,Isabella Jenkins,olloyd@example.org,967
278,Cindy Phillips,emily46@example.org,647
279,Kevin Shaffer,tamarawilkinson@example.com,891
280,Maurice Burke,angela03@example.net,530
281,Steven Lee,cboyer@example.net,383
282,Stephanie Mills,katherineporter@example.com,595
283,Amy Colon,david89@example.net,891
284,Cody Castillo,huangpeter@example.net,891
285,James Obrien,tyler81@example.com,753
286,Michele English,jennifer42@example.net,502
287,Robert Mosley,hodgessean@example.org,383
288,Nicholas Phillips,michael25@example.com,60
289,Brian Cooper,benjaminhill@example.com,967
290,Christopher Hudson,justincastillo@example.com,647
291,Jimmy Warren,mendezkayla@example.org,891
292,Debbie Harris,christopherrosales@example.org,530
293,John Smith,ncooper@example.net,647
294,Steven Thomas,alexishenderson@example.org,530
295,Michael Lowery,steve79@example.net,530
296,Amy Woods,malonedustin@example.org,891
297,Edward Greene,sweeneytyler@example.org,383
298,Donald Schneider,welchkenneth@example.com,595
299,Amber Santiago,bryan02@example.org,954
300,Mrs. Shelly Simmons,jonesvalerie@example.com,967
301,Shannon Johnson,alisonshaw@example.com,60
302,Lori Padilla,angelicacrawford@example.net,383
303,Anthony Tanner,mariogarcia@example.com,595
304,Elizabeth Molina,adamswalter@example.net,891
305,Jessica Hunt,debbie07@example.com,60
306,Lisa Smith,fsnow@example.com,530
307,Alexandria Delacruz,jared97@example.com,891
308,Jason Gray,ptaylor@example.com,954
309,Philip Jones,matthewhernandez@example.org,502
310,Alan Vasquez,samuel46@example.com,891
311,Kelly Smith,mjohnson@example.net,954
312,Andre Shaw,heidicortez@example.com,502
313,Hunter Walker,gtodd@example.org,891
314,Heather Sanchez,krystal69@example.org,967
315,Alicia Kaiser,jamesfriedman@example.net,891
316,Kathryn Olson,boydmary@example.net,954
317,Robert Hester,esims@example.net,753
318,Mary King,nancyreid@example.com,383
319,Renee Hanson,lrivera@example.com,753
320,Phillip Davis,kphillips@example.com,383
321,Rebecca Sanchez,ofowler@example.org,595
322,Eddie Bryant,phillipsluis@example.com,753
323,Michael Jones,zachary30@example.com,647
324,Ashley Berry,pattywells@example.com,954
325,Peter Thomas,nataliegarner@example.org,954
326,Samantha Pearson,patrick37@example.org,60
327,Lauren Jones,jacksonjesse@example.com,383
328,Jesse Ingram,scottcarly@example.com,967
329,Edward Murphy,egarcia@example.com,595
330,James Atkinson,millernicole@example.org,595
331,Catherine Little,jeffreyburns@example.org,954
332,Mary Russell MD,pricegavin@example.org,753
333,Jose Anderson,wellslouis@example.com,530
334,Crystal Gordon,gkelly@example.org,502
335,James Bray,jacobmurphy@example.net,647
336,Stacy Short,garciacraig@example.org,954
337,Zachary Young,josephbyrd@example.com,954
338,Tracy Swanson,ericalozano@example.net,967
339,Jeffery Shaffer,novakraymond@example.net,383
340,Amy Austin,robertsonleonard@example.com,502
341,Brandon Miller,nancy07@example.org,595
342,Karla Jones,kristirobbins@example.org,647
343,Krista Buckley,tcombs@example.com,383
344,Nancy Moore,lambertlaurie@example.org,954
345,Debra Bernard,david41@example.net,502
346,Donna Brown,danielleherrera@example.org,383
347,Heidi Gill,alexanderrobinson@example.com,753
348,Dr. Russell Smith,gillespienicole@example.net,647
349,Maria Walters,jonesbrenda@example.com,891
350,Todd Hill,samanthagriffith@example.net,502
351,Joseph Lawson,jacob06@example.org,753
352,James Zamora,xford@example.org,753
353,Andrea Roberts,davidchambers@example.org,383
354,Donald Davis,candice68@example.org,891
355,Angel Reese,goneal@example.org,954
356,Leah Buchanan,fkim@example.net,595
357,Eric Garcia,ncruz@example.org,383
358,Paul Levy,kenneth20@example.org,891
359,Regina Lowe,vaughnmarc@example.net,383
360,Suzanne Scott,reginabrown@example.com,383
361,Maxwell Porter,joseph05@example.com,967
362,Donna Schwartz,meganking@example.com,753
363,Douglas Ross,erika37@example.net,383
364,Jeff Morton,scottcain@example.net,502
365,Courtney Mills,kandrews@example.net,383
366,Robert Jacobson,myersdustin@example.net,530
367,Jason Flores,warrenjenna@example.org,530
368,Melanie Sherman DVM,brandonstevens@example.net,60
369,Amy Hart,denise86@example.org,967
370,Daniel Ellis,john48@example.net,967
371,Lee Haas,nicholasgarrett@example.net,753
372,Patricia Cook,alvaradojulie@example.com,967
373,Anthony Martinez,dlee@example.org,954
374,Jeffrey Wilson,kevinperry@example.com,530
375,Mark Garza PhD,mccarthyscott@example.com,530
376,Bruce Hardin,allenalicia@example.com,530
377,Lindsay Crawford,gregory11@example.com,502
378,Joan Golden,kmorales@example.net,383
379,Heather Griffith,bestrada@example.net,647
380,Carolyn Clark,tiffany78@example.net,954
381,Michael Drake,stephaniemontgomery@example.com,502
382,Roy Vazquez,james61@example.com,60
383,James Johnson,jenniferjimenez@example.com,60
384,John Jennings,ymeadows@example.net,753
385,Zachary Wilson,willisapril@example.com,647
386,Timothy York,wilsonchristina@example.com,595
387,Desiree White,megan87@example.org,502
388,Jennifer Vasquez,ntran@example.net,595
389,Deborah Salazar,erica45@example.net,60
390,Brandon Murphy,christinerangel@example.org,753
391,John Lee,ehoward@example.com,954
392,Sierra Carter,corey53@example.org,954
393,Maria Lawson,drewlamb@example.org,502
394,Joshua Snow,zsmith@example.org,383
395,Debra Hines,matthew36@example.com,530
396,Wendy Davenport,khunt@example.net,967
397,Diana Higgins,oparker@example.org,954
398,Laura Spence,josephwright@example.com,954
399,Keith Brown,xrivas@example.com,954
400,Jamie Reynolds,sarahbrown@example.net,530
401,Sierra Lewis,frederickbowers@example.org,891
402,Kimberly Arnold,johnsonadrienne@example.org,502
403,Amanda Gregory MD,wramirez@example.org,647
404,Nichole Payne,kayla45@example.com,954
405,Cindy Leon,clarkcarolyn@example.org,383
406,Linda Dillon,nicholascherry@example.net,891
407,Miguel Greene,psullivan@example.com,967
408,James Williams,william65@example.net,753
409,Anna Wells,kellyfoster@example.org,383
410,Jackie James,wsnyder@example.org,502
411,Monica Gonzalez,hcastillo@example.org,967
412,Glenda Thompson,masonjoshua@example.net,383
413,Donna Miller,kimberly65@example.org,891
414,Daniel Werner MD,hallelizabeth@example.net,595
415,Daniel Haas,lisa20@example.net,647
416,Blake Johnson,samantha38@example.org,891
417,Lisa Santos,ashleyparker@example.com,530
418,Matthew Mcbride,berryjustin@example.org,954
419,Kristin Cole,jennifer70@example.net,502
420,Michael Flynn,ushea@example.net,753
421,Lindsay Jackson,gonzalescharles@example.net,383
422,Amanda Valentine,dhayes@example.com,60
423,Christina Morales,mikewhite@example.org,967
424,Heather Mendoza,hayley51@example.org,383
425,Lance Green,tony74@example.com,967
426,Robert Castro,johnsoncrystal@example.org,967
427,Amber Bailey,nhill@example.org,595
428,Kelly Andrade,bowenclayton@example.net,530
429,Garrett Davis,flynnrebecca@example.com,530
430,Heather Rhodes,dmorgan@example.com,530
431,Gary Williams,ucarter@example.net,753
432,Joshua Atkins,willie03@example.net,967
433,Brian Bryan,ywoodard@example.net,383
434,Pamela Rush,mhiggins@example.com,60
435,Mrs. Linda Vazquez,andrewbrown@example.org,502
436,Denise Curtis,edwardsjulia@example.org,60
437,Frank Perry,jimmy39@example.com,891
438,Michael Vega,qdaniels@example.com,383
439,Miss Kristen Sanders DVM,joshua55@example.com,891
440,Charles Williams,dnunez@example.org,891
441,Mrs. Taylor Clark,donald46@example.org,60
442,Amy Franklin,richardgregory@example.com,383
443,Brandi Johnson,vday@example.com,595
444,Mark Garcia,waltersmelinda@example.net,954
445,Terrance Boyer,dwise@example.com,753
446,Jesse Collins,jennifer93@example.com,967
447,Stephanie Wheeler,christopherarnold@example.com,60
448,Jonathan Kaufman,wmartinez@example.net,60
449,Laura Yang,emilyortiz@example.org,595
450,Melissa Murray,reginaldmartinez@example.net,383
451,Thomas Mcmillan,elizabethjones@example.com,383
452,Carl Travis Jr.,taylorphillip@example.com,60
453,Patrick Morgan,robincombs@example.net,502
454,Daniel Thomas,douglas49@example.net,647
455,Lisa Gardner,mark76@example.org,967
456,Alicia Ray,zclark@example.org,891
457,Christopher Brown,rodriguezanna@example.net,891
458,David Shea,rowlandjoshua@example.com,967
459,Erica Myers,murphyrobin@example.org,967
460,Kevin Miller,rogerssamantha@example.com,647
461,Betty Cole,milleramanda@example.net,60
462,Bill Villegas,martincraig@example.com,753
463,Kathryn Thomas,jennifer71@example.net,954
464,Rebecca Huffman,lrose@example.org,595
465,Cynthia Scott,susan89@example.net,891
466,Julia Vasquez,iryan@example.net,891
467,David Cochran,grayjordan@example.org,60
468,Andrea Schroeder,jhenry@example.net,967
469,Kristin Lee,michaelgarcia@example.org,530
470,Brenda Best,daviskatie@example.net,891
471,Alexandra Moore,douglas25@example.org,647
472,Timothy Shannon,brittanyspence@example.com,967
473,Lisa Dennis,pbrown@example.net,647
474,William Owens,sarahbaker@example.org,502
475,Stephanie Ellis,fosteralexander@example.org,502
476,Rachel Gates,kylesandoval@example.org,595
477,Cynthia Young,rpotter@example.com,595
478,Adrienne Duran,calebbrown@example.org,967
479,Debra Mason,derek32@example.org,967
480,Robert Haynes,hooverdrew@example.net,753
481,Brendan Levine,shawnmurillo@example.net,60
482,Elizabeth Black,bradleychristopher@example.com,967
483,Dylan Fleming,ygraves@example.org,753
484,Scott Cooke,thomas70@example.com,60
485,Stephanie Robinson,zacharylee@example.com,595
486,Kimberly Hansen,cameronlauren@example.com,502
487,Lisa Gonzalez,smahoney@example.net,891
488,Bobby Johnson,tinakirk@example.net,530
489,Trevor Herring,hnash@example.net,967
490,Phillip Martin,sarahmorrison@example.com,60
491,Steven Fletcher,samanthanoble@example.com,753
492,Emily Jackson,robertlee@example.com,647
493,Jeffrey Cabrera MD,tconrad@example.org,967
494,Matthew Rogers,virwin@example.net,891
495,Vanessa Elliott,charlesshari@example.org,502
496,Scott Ryan,mnicholson@example.net,60
497,Nathaniel Howard,andreagonzalez@example.org,967
498,Mr. James Hunt,lawrencepalmer@example.net,595
499,Teresa Nash,william93@example.org,383
500,Richard White,michaelfowler@example.net,595
501,Kenneth Fitzgerald,hclark@example.org,967
502,Ashley Bruce,owilson@example.org,954
503,Kimberly Hale,morrisonshawn@example.com,383
504,Austin Johnson,jessica35@example.com,60
505,Diana Velez,gloria21@example.org,647
506,Jeffrey Fox,gonzaleztaylor@example.org,647
507,Meredith Fields,gjones@example.com,954
508,Erin Marsh,eric11@example.org,383
509,Tonya Adams,daisy48@example.org,530
510,Thomas Richardson,qcross@example.com,967
511,Meghan Warren,vjordan@example.org,502
512,Larry Blair,emma54@example.org,383
513,Carrie Hess,lawrencewilliam@example.net,530
514,Rebecca Case,clairefaulkner@example.net,530
515,Whitney Taylor,jcervantes@example.org,954
516,Tammy Olson,gibbsstephanie@example.org,647
517,Thomas Gomez,cruzpamela@example.org,891
518,Marcus Dennis,laceyrobinson@example.com,891
519,David Park,tiffany19@example.net,60
520,Eric Logan,christian92@example.net,502
521,Melissa Phillips,cingram@example.org,595
522,Anna Gutierrez,anthonywelch@example.net,954
523,Seth Myers,suzannemcdowell@example.com,502
524,Michael Cobb,evansrachel@example.com,954
525,Jeffrey Escobar,murphyamy@example.com,595
526,Patricia Quinn,meyersara@example.org,383
527,Zachary Moss,raycarlos@example.com,502
528,Katie Johnson,georgewagner@example.com,647
529,Whitney Wallace,mgutierrez@example.net,954
530,Maria Lloyd,rodriguezamanda@example.com,530
531,Shawn Allen,olsonjordan@example.org,60
532,Janice Ramirez,smithallison@example.org,60
533,Mr. Elijah Chang,douglas62@example.org,967
534,Anne Howe,iwright@example.net,967
535,Felicia Crosby,joshuaedwards@example.org,647
536,Kristin Sanders,james72@example.org,595
537,Jason Baker,james54@example.net,753
538,James Knight,david28@example.net,595
539,Jennifer Mcdaniel,tylermcclure@example.org,502
540,Christopher Taylor,kelly33@example.net,647
541,James Stevenson,lfischer@example.org,753
542,Mark Brennan,rdavis@example.com,891
543,Rodney Hutchinson,alison22@example.org,753
544,Manuel Thornton,cameronsmith@example.com,954
545,Laurie Williams,robert00@example.org,753
546,Mary White,robert20@example.com,647
547,Tyler Wright,kimberlyharris@example.net,383
548,Jennifer Gomez,xgraves@example.net,967
549,Amanda George,jennifer51@example.com,595
550,Anthony Bell,hallvirginia@example.org,967
551,Terry Matthews,bairdlauren@example.org,502
552,Andrea Carroll,kellycamacho@example.com,891
553,Todd Vazquez,hcook@example.org,967
554,Courtney Larson,wmoreno@example.org,891
555,James Baker,heidiyoung@example.net,595
556,Lisa White DDS,stonesusan@example.net,647
557,Julie Moran,johnstonheather@example.net,954
558,James Johnson,ryan68@example.net,954
559,Johnny Crawford,vjohnson@example.org,383
560,Dr. Timothy White DDS,cory71@example.com,647
561,Danielle Green,james94@example.org,954
562,Nicholas Brewer,courtneybaker@example.org,595
563,Cynthia Savage,cking@example.org,647
564,Michael Henderson,keith85@example.org,967
565,Richard Nguyen,hjohnson@example.net,954
566,Ashley Brown,rowlandmary@example.com,530
567,Charles Hughes,progers@example.com,891
568,Erica Campbell,johnsonjamie@example.net,647
569,Michael Macias,douglas74@example.org,967
570,John Moore,elizabethwilliamson@example.net,647
571,Melissa Peterson,hodgerachel@example.net,967
572,Pamela Erickson,kelly33@example.net,647
573,Savannah Garcia,gjohnson@example.net,753
574,Jack Brown,igallegos@example.org,647
575,Kyle Juarez,bowmankristen@example.org,60
576,Dylan Morris,cdixon@example.net,891
577,Caitlyn Diaz,krystal45@example.org,530
578,Jon Wilson,sheila13@example.com,595
579,Tammy Ellis,uhoffman@example.net,530
580,Charles Marshall,danielwagner@example.net,891
581,Elizabeth Whitaker,glendaterry@example.com,530
582,Courtney Anderson,robert97@example.org,954
583,Cody Ward,wdavis@example.com,502
584,Samantha Thomas,amylogan@example.net,891
585,Kimberly Allen,stephaniedean@example.org,753
586,Danielle Cook,jenniferstafford@example.org,954
587,Teresa Jones,gking@example.org,647
588,Mrs. Cassandra Lara,crosbyashley@example.com,753
589,Jeffrey Horn,sandovalstephen@example.org,647
590,Dennis Pearson,michaeljones@example.com,647
591,Patrick Francis,mbryant@example.org,954
592,Emily Fowler,lcruz@example.org,502
593,Robert Wilson,vanderson@example.com,954
594,Christina Banks,daniellegilbert@example.org,967
595,David Trujillo,barrettwilliam@example.com,967
596,Jason Price,meyerstanya@example.org,383
597,Victor Powell,oknox@example.net,891
598,Allen Smith,stanleydavid@example.net,60
599,Brandon Davis,awilliams@example.org,967
600,Christopher Thomas,afloyd@example.org,530
601,Mallory Fitzpatrick,james96@example.com,753
602,Joel Schultz,timothy23@example.com,383
603,Sean Hunt,kimberlywelch@example.com,954
604,Jason Miller,richardcohen@example.net,954
605,Michael Schultz,grayjacob@example.net,954
606,Heather Wagner,lisa72@example.org,530
607,Kyle Cole,morajessica@example.com,530
608,Brianna Taylor,angelica16@example.com,753
609,Virginia Hall,fgarcia@example.net,891
610,Ashley French,jpeters@example.org,60
611,Sonya Adams,kristinacruz@example.net,954
612,Dana Perkins,kimmccall@example.com,502
613,Gary Pope,hwatson@example.org,383
614,Alexis Smith,colleen55@example.org,954
615,Michelle Mcgee,hgrant@example.org,967
616,Kirk Soto,ukane@example.com,530
617,Jorge Ruiz,ryanhernandez@example.com,954
618,Brett Perez,nnoble@example.net,891
619,Martha Boyer,paula88@example.org,891
620,Ronnie Ellis,anthonymonroe@example.org,595
621,Donald Ramos,michaelhale@example.net,530
622,Peter Williams,philip69@example.net,530
623,Melissa Smith,barnold@example.org,60
624,Angel Kim,ewang@example.net,967
625,Scott Ross,racheljames@example.net,954
626,Eileen Owens,osmith@example.org,647
627,Jennifer Hayes,smithtimothy@example.net,753
628,Joy Walker,brendascott@example.com,954
629,Diane Kaufman,heatherdavis@example.org,502
630,April Thompson,toddjill@example.org,954
631,Rebecca Torres,lidevin@example.com,502
632,Scott Moore,kbaker@example.net,530
633,Jennifer James,nicholas80@example.net,595
634,Daniel Scott,rsoto@example.org,502
635,Scott Jimenez,tonya42@example.com,967
636,Laura Rodriguez,stephanie49@example.com,954
637,Laurie Wood,kristina70@example.net,891
638,Timothy Steele,hernandezmaria@example.com,383
639,Jessica Brock DVM,pittsdaniel@example.org,647
640,Kara Garza,azhang@example.net,967
641,Jason Powell,amanda18@example.com,967
642,Jacqueline Chase,torressamantha@example.org,753
643,Gabriella White,sharoncolon@example.com,954
644,Rebecca Potter,zsexton@example.org,753
645,Sarah Simon,zmontgomery@example.org,647
646,Samantha Davis,bruceschultz@example.org,967
647,Steven Maldonado,douglassanchez@example.org,383
648,Julie Nolan,afrazier@example.org,891
649,Carrie Welch,xross@example.com,954
650,Michael Willis,sharonflores@example.org,595
651,John Bartlett,wrightamy@example.org,383
652,Jessica Robinson MD,steven08@example.com,891
653,Kimberly Wong,fluna@example.org,954
654,Robert Watson,herrerajustin@example.net,954
655,Angelica Watts,ztyler@example.org,595
656,Terrence Olson,christopher38@example.com,891
657,Chad Gonzalez,jennifer57@example.org,502
658,Jonathan Hughes,twagner@example.org,383
659,Danielle Calderon,mikayla69@example.org,753
660,Natalie Anderson,richard49@example.org,753
661,Paul Marshall,carsondiana@example.net,502
662,George Hawkins,hernandezcarl@example.net,647
663,Judith Washington,bookerbrandon@example.com,891
664,Joseph Henderson,vjones@example.net,753
665,Kayla Ryan,raykeith@example.net,954
666,Candice Dunlap,boydcory@example.com,967
667,Heather Gomez,robindiaz@example.com,954
668,Mr. Carlos Henry Jr.,kathryn49@example.com,383
669,Darren Rodriguez,jonathon86@example.com,647
670,Douglas Smith,stevechavez@example.org,753
671,Scott Williams,travis08@example.com,967
672,Matthew Bradley,phunt@example.com,967
673,Tamara Estrada,hthompson@example.net,647
674,Jason Page,novakmichael@example.net,383
675,Haley Gomez,johnsonwilliam@example.org,954
676,Douglas Haynes,taylormoreno@example.com,383
677,Angela Garcia PhD,joseph62@example.net,954
678,Maria Bailey,coryrodriguez@example.com,753
679,Yolanda Rice,rachelconner@example.org,60
680,Robert Dean,nsingh@example.org,383
681,Heather Norton,johnsontamara@example.net,383
682,Taylor Chambers,adriennesantiago@example.net,595
683,Donald Washington,lauren85@example.net,954
684,Kayla Kidd,vwhitehead@example.net,383
685,Rhonda Summers,charles79@example.com,502
686,Samantha Brennan,smithlaurie@example.com,753
687,John Velez,caseypeter@example.net,60
688,Rebecca Burton,williammcdowell@example.net,647
689,John Wilson,david12@example.com,753
690,Zachary Kelley,wendy05@example.net,891
691,Julia Wong,stephanie06@example.com,383
692,Kristina Wilkins,davidolson@example.org,383
693,Nicholas Walker,amy60@example.org,60
694,Angela Fields,wallangela@example.net,530
695,Peter Whitehead,jareddavis@example.net,954
696,Brianna Schmidt,tanyaruiz@example.net,967
697,Steve Mcguire,kelly34@example.net,595
698,Kenneth Winters,smithjessica@example.org,647
699,Jon Fischer,hallrichard@example.net,530
700,Gary Wood,jennifer42@example.org,967
701,Tyler Perez,richard92@example.net,502
702,Brian Lee,cindypalmer@example.org,530
703,Stacey Archer,brendaparker@example.net,595
704,Aimee Durham,josephsnyder@example.com,502
705,Raymond Sosa,johnmills@example.org,595
706,Ian Sampson,teresabennett@example.com,595
707,Robin Smith,edavidson@example.org,891
708,Rachel Johnson,ycharles@example.org,530
709,Gilbert Ortiz,mandy88@example.org,60
710,Bradley Austin,chasesmith@example.net,383
711,Matthew Larson,elizabeth41@example.net,530
712,Brittany Tucker,melissa61@example.org,967
713,Cynthia Guzman,jonwalters@example.com,60
714,John Watkins,roger93@example.org,967
715,Robert Mason,emoore@example.com,530
716,Joshua Frost,frodriguez@example.net,753
717,Gabrielle Marsh,kristamcdonald@example.com,753
718,Michael Kelly,osimon@example.com,753
719,Catherine Leonard,brownrobert@example.com,502
720,Jennifer Harris,mossjacqueline@example.org,954
721,Tyler Brooks,amber71@example.org,383
722,Jeffrey Shaw Jr.,ballardjean@example.net,954
723,Alec Roberts,amanda92@example.com,647
724,Ryan King,xburke@example.net,891
725,Barbara Henderson,xgiles@example.org,502
726,Gilbert Wilkins,jenniferbailey@example.net,891
727,William Ballard,zclark@example.org,967
728,Raymond Galvan,erin08@example.com,967
729,Alexa Garcia DDS,troach@example.com,753
730,Thomas Mills,pearsonjennifer@example.org,954
731,Mark Martin,osharp@example.com,595
732,Eric Edwards,amy02@example.net,60
733,John Ward,mmoore@example.com,891
734,Theresa Smith,amanda13@example.com,967
735,Jennifer Parker,megan09@example.com,383
736,Heather Hamilton,ryanlane@example.net,967
737,Lisa Butler,arnoldmichael@example.net,967
738,Linda Roberts,stevenreed@example.net,891
739,David Nelson,qmclaughlin@example.net,891
740,Tyler Anderson,thomasrobinson@example.com,530
741,Joseph Miller,sbowers@example.org,954
742,Mary Mendoza,danielle17@example.net,954
743,Monica Allen,abarnes@example.net,530
744,Victor Campbell,katherine28@example.org,753
745,Desiree Barker,jacob09@example.com,530
746,Christina Jones,urogers@example.org,891
747,Kenneth Barnes,holly61@example.org,967
748,Ashley Stewart,alicia08@example.com,753
749,Lori Jackson,bwagner@example.com,954
750,Amy Thomas,wongkristin@example.org,647
751,Tiffany Perry,whitejennifer@example.net,595
752,Randy Henry,dgreen@example.com,753
753,Patricia Simpson,dpowell@example.org,954
754,Jennifer Nichols,cory84@example.net,60
755,Cassandra Garza,whicks@example.com,502
756,Haley Dennis,gcarter@example.com,967
757,Keith Schroeder,joseph78@example.net,954
758,Kathleen Nielsen,gperkins@example.com,383
759,Mrs. Caitlin Jones,shaun56@example.com,502
760,Jennifer Wilson,thomasrodgers@example.org,891
761,Richard Lopez,kimlivingston@example.org,753
762,Emily Harrison,leeryan@example.org,60
763,Matthew Ali,thomassherry@example.com,530
764,Jason Garcia,jamesleonard@example.com,530
765,Lauren Davis,kwilliams@example.com,891
766,Karen Smith,jeremyholland@example.org,967
767,Miranda Hawkins,jessica54@example.org,60
768,Rachel Wong,hudsondylan@example.net,967
769,Brandon Morales,jonathangarner@example.org,891
770,James Brown,fharper@example.net,891
771,Renee Peterson,lawrencejohn@example.com,60
772,Dawn Gutierrez,thomas03@example.org,647
773,Lucas Burke,kristinhernandez@example.net,530
774,Warren Cooper,fernandezkevin@example.org,647
775,Aaron Payne,lewisrandall@example.net,753
776,Brian Vasquez,dennisgriffith@example.net,595
777,Dennis Gonzalez,kristenperez@example.com,954
778,Andrea Anderson,haascarmen@example.com,647
779,Erin Walker,rmiller@example.com,502
780,Vicki Martinez,kimberly54@example.org,530
781,Gabrielle Mitchell,phillip57@example.org,967
782,Thomas Marks,vanessakennedy@example.com,954
783,Deanna Costa,smithalan@example.com,954
784,John Martin,josephsullivan@example.com,967
785,Scott Hart,jeffreyoconnor@example.com,502
786,Holly Thomas,ortegamatthew@example.com,502
787,Michael Gonzalez,millerannette@example.com,60
788,Deborah Bryant,marshdaniel@example.org,954
789,Martin Gonzalez,kellycraig@example.com,383
790,David Hernandez,brandonrogers@example.com,753
791,Andrew Lawson,jacksonchristopher@example.net,753
792,Lisa Griffin,meyerslori@example.org,891
793,Nathaniel Mccoy,oscardiaz@example.org,530
794,Paige Thomas,alexander42@example.net,891
795,Angel Cox,brianbrooks@example.com,647
796,Joseph Smith,asolomon@example.net,753
797,Andre Crosby,evan10@example.net,647
798,Louis Payne,emily94@example.org,647
799,Connie Beck,millerdavid@example.com,383
800,Robert Fritz,dwhite@example.net,530
801,Michael Noble,ambergomez@example.com,753
802,Tina Parker,watkinsleonard@example.com,383
803,Frances Bright,ekeith@example.net,383
804,Dr. Crystal Ford,shooper@example.com,502
805,John Moore,kathrynweeks@example.net,383
806,Dawn Rogers,lturner@example.com,530
807,Alexis Mitchell,dylanwhite@example.com,530
808,Christopher Arroyo,joetorres@example.com,753
809,Tina Jackson,xcobb@example.org,967
810,Joseph Harrington,tiffanymeyers@example.org,891
811,Tyler Frazier,leslierich@example.com,647
812,Andrew Palmer,perrynicholas@example.net,954
813,Victor Avery,suarezjames@example.net,383
814,Russell Williams,jramirez@example.net,530
815,Michael Branch,natashaeaton@example.org,967
816,Samantha Rivera,swhite@example.com,967
817,Alfred Avila,kallen@example.org,967
818,Emma Donaldson,xmolina@example.com,383
819,Victoria Jones,yroth@example.org,967
820,David Harding,bowen@example.net,967
821,Diana Cunningham DDS,seancaldwell@example.org,647
822,Nathaniel Harper,cynthia19@example.org,502
823,Jennifer Rodriguez,friedmananthony@example.net,954
824,Alexander Rasmussen,hodonald@example.org,595
825,Mitchell Smith,theresahayes@example.org,954
826,Richard Berg,quinnlinda@example.org,595
827,Troy Oneal,mcclainjanet@example.net,647
828,Adam Anderson,laura09@example.net,383
829,Kelly Silva,caseydunlap@example.net,647
830,Calvin Davis,deborah88@example.net,530
831,Jessica Mclaughlin,nicholas75@example.com,891
832,Jessica Jackson,uporter@example.org,60
833,Nicole Combs,seananderson@example.com,530
834,Michael Jordan,robert52@example.net,647
835,Nicole Jones,briana46@example.org,502
836,Randy Arnold,morrisonedward@example.com,954
837,Donna Elliott,hernandezkelli@example.com,954
838,Richard Black PhD,hallrenee@example.org,891
839,Marilyn Flores,schultzmichael@example.net,595
840,Devin Whitney,hutchinsontroy@example.org,383
841,Frances Thomas,james65@example.net,954
842,Lauren Hawkins,michael39@example.net,383
843,Shannon Patel,fuentesamanda@example.net,753
844,William Brown,hayesangela@example.org,647
845,Darren Davis,terry84@example.org,60
846,Douglas Smith,thomas75@example.net,954
847,Laura Larsen,dcunningham@example.org,383
848,Jennifer Allison,rmaynard@example.org,530
849,Samantha Hoffman,ktaylor@example.net,891
850,Jennifer Guerrero,henry62@example.net,595
851,Mary Lee,christophermartinez@example.org,60
852,Jacob Baker,zachary05@example.com,530
853,Jerry Hamilton,melissajones@example.org,502
854,Stephanie Singleton,dpierce@example.org,530
855,Christopher Bishop,catherinebarnes@example.com,595
856,Donald Franklin,drakenicholas@example.com,753
857,Tammy Weaver,taylorkevin@example.org,595
858,James Edwards,patelangela@example.net,502
859,James Patrick,hurleyshelby@example.com,891
860,Lori Roberson,buchananrichard@example.org,967
861,Kimberly Ray,carl90@example.org,60
862,Adam Lopez,christopher01@example.net,595
863,Erik Baxter,stephaniejohnson@example.com,530
864,William Stevens,michael63@example.com,954
865,John Sanders,gmelendez@example.com,502
866,Heather Long,jonathangordon@example.com,753
867,Brittany Mclaughlin,paul24@example.net,967
868,Richard Nash,gardnerdavid@example.org,753
869,Rebecca Davidson,julia67@example.org,595
870,Robert Sweeney,jonespriscilla@example.com,530
871,Kyle Hall,lmurray@example.net,502
872,Sarah Blackwell,bbrown@example.org,891
873,Laura Martinez,kevin23@example.com,967
874,Megan Sheppard,richmondnathan@example.net,530
875,April Bailey,edward63@example.org,60
876,Heidi Garcia,fordmelissa@example.org,954
877,Samantha Thompson,rosskeith@example.net,595
878,Michael Reeves,jonesjoseph@example.com,530
879,Susan Wiggins,bushmichael@example.net,60
880,Tricia Delgado,sloanrobert@example.com,967
881,Laura Stevens,santiagolori@example.org,891
882,Tiffany Schmidt,cheryllucero@example.net,502
883,Steven Jackson,lucasthomas@example.org,954
884,Richard Kim,angela32@example.org,502
885,Danny Owen,shaun25@example.org,502
886,Brian Cline,rwilliams@example.com,753
887,Zachary Berry,kirkjohnson@example.com,647
888,Jessica Smith,alicia51@example.org,647
889,Rebecca Foster,rebekahjones@example.net,753
890,Paul Martinez,connor96@example.net,595
891,Ryan Garcia,taylornicole@example.com,383
892,Stephen Sanders,michaelchung@example.org,502
893,Toni Payne,eboyd@example.org,753
894,Jonathan Heath,zoeburton@example.org,383
895,Gregory Brock,kprice@example.net,753
896,William Graham,lmartin@example.org,595
897,Regina Smith,george61@example.net,954
898,Hannah Torres MD,bishopbrett@example.com,595
899,Kimberly Stewart,tarawilson@example.net,530
900,Chelsea Collins,zlawrence@example.net,530
901,Nathan Bright,katherineparker@example.net,954
902,Eric Dominguez,mercadogina@example.com,502
903,Christopher Gonzales,rhonda80@example.org,502
904,Jeffrey Johnson,debra30@example.com,891
905,Ashlee Davis,jessicavazquez@example.com,595
906,Ashley Powers,loganweeks@example.net,502
907,Jerry Cochran,pedwards@example.com,891
908,Mary Jacobs PhD,connor70@example.org,647
909,Tina Lee,alice64@example.org,954
910,Zachary Bell,denniseric@example.net,502
911,Wayne Williams,kristin69@example.org,647
912,Jessica Morrison,hstein@example.com,753
913,William Perez,qstephenson@example.net,502
914,Justin Garcia,jodigonzalez@example.org,967
915,Kevin Elliott,reeveschristine@example.net,502
916,Kevin Davis,jasonjordan@example.com,595
917,Jamie Harris,jenniferlopez@example.com,383
918,Mark Wall,robert72@example.org,954
919,Barbara Parker,taylorchristian@example.net,753
920,Julie Peters,daviddavis@example.net,891
921,Alejandro Perez,ismith@example.com,753
922,Daniel Russell,brenda92@example.org,967
923,Brent Cunningham DDS,andersonglen@example.org,60
924,Timothy Peters,wcox@example.com,595
925,Stacy Nash,enewman@example.com,383
926,Alex Nguyen,bmartin@example.org,753
927,Keith Ryan,nicholasfrey@example.org,595
928,Bradley Rodriguez,srivers@example.com,383
929,Linda Wright,johntaylor@example.org,967
930,Sarah Watts,garciamichelle@example.net,383
931,Eddie Grimes,hschmidt@example.net,753
932,Kathy George,patricia17@example.com,502
933,Theodore Hernandez,jessica14@example.org,954
934,Jonathan Gomez,codychase@example.com,530
935,Nathan Lee,manuel36@example.net,647
936,Susan Bryan,tapiaangela@example.com,502
937,Lauren Davis MD,donaldjones@example.net,954
938,Christopher Moon,matthewfranklin@example.com,954
939,Roberto Williams,jaredgonzalez@example.org,530
940,Derek Wong,iharris@example.com,647
941,Gregory Gardner,fjordan@example.net,595
942,Kurt Robles,vwilliams@example.org,954
943,Melissa Wade,william23@example.com,891
944,Joanna Strickland,wblack@example.net,954
945,Alexis Thompson,michelle61@example.net,60
946,Joanna Brown,izamora@example.net,595
947,Stacey Collins,bjohnson@example.com,502
948,Tony Rose,christina16@example.org,967
949,John Jackson,deborahchandler@example.com,954
950,Kelli Briggs,morganbarnes@example.com,967
951,Wayne Thompson,mellis@example.net,954
952,Anna Curtis,shancock@example.org,595
953,Kevin Gonzales,jamie48@example.com,954
954,Sean Doyle,yharris@example.net,967
955,Gary Harrison,khart@example.net,647
956,Lisa Lynch,jessicaberry@example.net,954
957,Steven Harris,brownsarah@example.net,753
958,Abigail Watson,robert85@example.net,60
959,Ashley Weaver,bryantbeth@example.org,954
960,Amber Davies,jacksonjackson@example.org,383
961,Amanda Vega,danielmullins@example.com,954
962,Melissa Callahan,davidbell@example.org,530
963,Robert Hernandez,mhuff@example.com,502
964,Andrew Cole,priscillataylor@example.net,530
965,Robert Burgess,steven31@example.com,954
966,Adrian Crawford,hoffmanapril@example.net,383
967,Robyn Banks,randall98@example.com,891
968,Rebecca Harmon,timothyyoung@example.org,753
969,Emily Porter,vbarnes@example.com,954
970,Jon Casey,gallegosgary@example.org,60
971,Shane Smith MD,jeffrey83@example.com,502
972,Jeffrey Hernandez,hopkinsmary@example.com,383
973,Jennifer Berg,sarah75@example.net,383
974,Brandon Walker,ginaarmstrong@example.org,954
975,Gregory Patel,kfisher@example.net,60
976,Tammy Ross,gspencer@example.net,502
977,Michael Hansen,jessicahammond@example.net,954
978,Jimmy Fitzgerald,victor76@example.com,891
979,Stacy Lopez,eskinner@example.com,60
980,Patricia Yates,hughesbrenda@example.com,60
981,Christopher Moyer,justin45@example.net,502
982,Eric Walker,valentineabigail@example.com,891
983,Kayla Mitchell,cindyenglish@example.net,502
984,Daniel Wells,jocelynmathis@example.net,60
985,Sara Perez,jasonthomas@example.net,753
986,Russell Lopez,christinaoneal@example.org,383
987,Wayne Campbell,donnadoyle@example.net,595
988,Pamela Munoz,williamseugene@example.org,647
989,Kenneth Patel,chavezashley@example.net,891
990,Kelly Davidson,christinawilliams@example.org,60
991,Alexis Smith,kenneth28@example.org,753
992,Joseph Farmer,carla47@example.net,383
993,Dr. Joshua Smith,matthew66@example.com,502
994,Amber Hernandez,leesteve@example.com,753
995,Samuel Park,tfoster@example.org,753
996,Colleen Moss,ewagner@example.org,647
997,Amanda Ayala,griffinmathew@example.com,967
998,Amber Aguilar,william86@example.org,530
999,Chad Mcguire,odonnellbriana@example.net,954
1000,Angela Mercer,hernandezluis@example.org,954
1001,Bryan Neal,malonejohn@example.com,967
1002,Jeffrey Johnson,hvilla@example.org,625
1003,Brian Sherman,sonyaryan@example.net,752
1004,Hailey Adams,meganjohnson@example.org,783
1005,Mr. Ryan Spencer,allisonjordan@example.com,862
1006,Robert Cunningham,arthursimmons@example.net,100
1007,Elizabeth Galvan,jacobdavis@example.org,173
1008,Andrew Wood,cameronandersen@example.net,985
1009,Vanessa Huff,alexander47@example.com,992
1010,Russell Duncan,aprillee@example.org,201
1011,Eugene Bauer,yclayton@example.net,145
1012,Kristina Daniels,richardrebecca@example.org,56
1013,Megan Reed,pattersonjoann@example.net,614
1014,Jared Lane,yhernandez@example.org,28
1015,Cynthia Moore,vnovak@example.com,26
1016,Tina Williams,abigailcohen@example.com,364
1017,Frank Evans,ugeorge@example.org,241
1018,Richard Bell,matthewerickson@example.org,10
1019,William Mcdonald,perrynathan@example.net,988
1020,Tracy Taylor,jessica01@example.net,493
1021,Lee Miller,latasha21@example.net,406
1022,James Carlson,vegamichael@example.com,630
1023,James Griffin,alexisbooker@example.com,99
1024,Jonathan Miller,sean29@example.org,252
1025,Dennis Keith,danielramirez@example.org,978
1026,Edward Harris DDS,imiranda@example.com,546
1027,Bridget Warren,taylorbridget@example.org,389
1028,Susan Miller,cassandra25@example.net,711
1029,Howard Brown,ricedaniel@example.net,881
1030,Dr. Stephanie Neal,christianmitchell@example.net,81
1031,Kimberly Smith,leonard22@example.net,132
1032,Hunter Anderson,rogerskathryn@example.net,966
1033,Charles Harris,destiny87@example.org,583
1034,Jerry Allen,owise@example.com,327
1035,Helen Christian,lori21@example.org,964
1036,Christopher Goodwin,ryananderson@example.com,135
1037,Jenna Adams,terrance32@example.net,707
1038,Jamie Castillo,tholmes@example.org,580
1039,Samuel Douglas,fritzmolly@example.com,526
1040,Andrea Leblanc,tina22@example.org,171
1041,Crystal Kaiser,ericsexton@example.com,646
1042,Rodney Brooks MD,travis03@example.net,551
1043,Hector Reyes,kimberly09@example.com,806
1044,Taylor Winters,vbarrera@example.net,910
1045,William Green,martingerald@example.net,928
1046,Nicole Jordan,kimberly83@example.com,547
1047,Matthew Gomez,brownmatthew@example.com,285
1048,Peter Bird,jimmynorman@example.org,976
1049,Isabella Logan,beasleygavin@example.org,226
1050,Gary Gonzalez,morenochristian@example.org,273
1051,Ryan Brown,millerjeff@example.com,290
1052,Jamie Adams,paul28@example.com,572
1053,Jennifer Smith,christopher79@example.net,289
1054,Jason Rice,lindsayjohnson@example.com,830
1055,Garrett Farmer,dave20@example.org,498
1056,Sandra Torres,anthonywise@example.com,590
1057,Stanley Scott,cardenasjason@example.org,911
1058,Eric Ford,daniel44@example.net,133
1059,John Rodriguez,charles75@example.com,964
1060,Timothy Cummings,fzimmerman@example.net,25
1061,Richard Lowe,snowrodney@example.org,799
1062,Jessica Hughes,pallen@example.com,873
1063,Gina Munoz,reesedavid@example.com,313
1064,Elizabeth Wilson,cwhite@example.org,177
1065,Dawn Tyler,carlabbott@example.com,537
1066,Zachary Short,agriffin@example.com,56
1067,Dwayne Cook,christinachase@example.com,610
1068,Monica Porter,lisasoto@example.com,408
1069,Catherine Schmidt,staylor@example.org,92
1070,Vickie Love,baileykimberly@example.net,758
1071,Adam Jones,robinsonchelsea@example.net,329
1072,Dr. Kelly Taylor MD,brandtmichael@example.org,28
1073,William Bray,mcole@example.net,595
1074,Joshua Mcbride,danielmiranda@example.com,993
1075,Tracy Brown,kellypaula@example.com,490
1076,Joshua Lopez,longrobert@example.org,41
1077,Glen Morgan,youngnathaniel@example.org,82
1078,Neil Price,christopher36@example.net,87
1079,Laura Lamb,walkeremily@example.net,752
1080,Brandon Bennett,patriciawells@example.com,402
1081,Stanley Mullins,james47@example.org,689
1082,Julia Hart,gomezcharles@example.org,742
1083,Suzanne White,pughvictoria@example.org,687
1084,Stephen Ramsey,john66@example.net,139
1085,Samuel Morales,elainephillips@example.net,147
1086,James Moyer,justin67@example.net,106
1087,Dr. Mark Davis MD,pughreginald@example.org,856
1088,Christopher Mccarty,uwhitaker@example.org,631
1089,Jason Smith,scottlindsey@example.com,806
1090,Stephanie Thompson MD,gblevins@example.org,325
1091,Denise Woodward,fnielsen@example.com,113
1092,Melissa Lewis,qphillips@example.net,118
1093,Kiara Gibson,fmartin@example.com,554
1094,Monica Oconnor,angelagonzales@example.org,356
1095,Elizabeth White,elizabethwolfe@example.net,878
1096,Timothy Leon,emily86@example.com,479
1097,Alex Campbell,angela83@example.net,143
1098,Rachael Hoffman,dcummings@example.net,119
1099,David Shaffer,qfox@example.org,725
1100,Dr. Lauren Garcia,eddieroberts@example.net,899
1101,Matthew Galvan,sarahbaker@example.net,267
1102,Andrea Myers,zlee@example.org,340
1103,Maria Morris,lowerebecca@example.com,423
1104,Jennifer Hart,craigjohn@example.com,513
1105,Kimberly Davis,michaeltanner@example.net,194
1106,Emily Hill,larsenwilliam@example.net,128
1107,Todd Smith,bpatterson@example.org,164
1108,Thomas Aguilar,austin70@example.org,818
1109,David Russell,esimpson@example.org,882
1110,Anthony Waters,jeremycarter@example.org,453
1111,Angela Snow,jennifer89@example.net,884
1112,Sean Harper,vargasdawn@example.org,295
1113,Miss Susan Brown,fcarter@example.com,436
1114,William Butler,sharon49@example.com,179
1115,Johnny Huang,bethany45@example.net,627
1116,Greg Santiago,jvalentine@example.org,377
1117,Brian Harris,hardyshannon@example.net,635
1118,Alexis Hall,maureen37@example.net,389
1119,Amy Haynes,walshjessica@example.com,293
1120,Susan Cook,christophercole@example.net,692
1121,Michael Johnson,jessicarobinson@example.net,798
1122,Robert Reed II,john89@example.com,371
1123,Stanley Nelson,brittanymitchell@example.com,140
1124,Jennifer Daniels,warrenkevin@example.net,555
1125,Patricia Fitzgerald,jesse45@example.net,877
1126,Carlos Smith,robertclark@example.org,809
1127,Morgan Avila,timothy93@example.net,178
1128,Brian Jones,powellcassandra@example.org,479
1129,Katrina Deleon,gouldmatthew@example.net,238
1130,James Hernandez,gcooper@example.org,624
1131,Michael Lyons,tracycarter@example.org,635
1132,Samantha Ruiz,gibsonjason@example.net,835
1133,John Carter,anne09@example.com,794
1134,Mr. Joe Thomas PhD,sheila18@example.net,634
1135,Katherine Graham,veronicaprice@example.net,718
1136,Melinda Jones,richardstout@example.org,901
1137,John Terry,lisa58@example.com,362
1138,Kristin Rodriguez,jamesmiller@example.net,106
1139,Sarah Jackson,jodistewart@example.com,786
1140,Tracy Clay,arichardson@example.net,739
1141,Dawn Christian,smendez@example.org,314
1142,Joel Henson,monica88@example.net,913
1143,Aaron Sweeney,deborahgonzalez@example.org,325
1144,Philip Fleming,fullerlinda@example.com,592
1145,Michael Johns,lisabrown@example.net,85
1146,Kerri Pearson,nhenderson@example.net,136
1147,Desiree Meadows,linda07@example.net,496
1148,Sean Wilcox,kevin31@example.org,113
1149,Amanda Johnson,yrobinson@example.com,176
1150,Shannon Morris,hornchristopher@example.net,593
1151,Victoria Bowers PhD,alexandermoore@example.com,485
1152,Lynn Rodriguez,sgeorge@example.net,641
1153,Devon Shelton,usimpson@example.net,728
1154,Dave Reyes,john56@example.org,416
1155,Charles Estrada,ofleming@example.net,164
1156,Catherine Walker,jeffreyjackson@example.net,927
1157,Joseph Glass,owenbrittany@example.net,444
1158,Mary Douglas,boyledavid@example.net,189
1159,Mr. James Barker,ramirezchris@example.com,232
1160,Paula Randall,kelseyturner@example.org,101
1161,Melinda Cook,jonesandrea@example.com,544
1162,John Donaldson,gregsmith@example.net,185
1163,Nancy Lane,wsmith@example.net,973
1164,Misty Gonzalez,michaelgeorge@example.org,265
1165,David Kennedy,gballard@example.org,960
1166,Patrick Lyons,elizabeth87@example.net,484
1167,Stacy Lewis,daryl90@example.com,250
1168,Logan Martinez,wagnerkevin@example.com,307
1169,Michael Weber,fieldskevin@example.com,15
1170,Michael Hardy,shannonchristopher@example.org,460
1171,Emily Williams,danielle40@example.org,918
1172,Jessica Price,stephenbrown@example.org,759
1173,Melissa Gray,josedavila@example.org,909
1174,Allison Bailey,jennifercarter@example.org,466
1175,Jim Anderson,umorgan@example.org,464
1176,Jesse Burton,lance99@example.org,849
1177,Ryan Parker,gloriabrennan@example.net,330
1178,Holly Carlson,johnsonrandall@example.net,654
1179,Justin Patterson,pparsons@example.net,294
1180,Matthew Ruiz,brian47@example.org,213
1181,Natalie Cowan,debbienewton@example.net,285
1182,Michael Gomez Jr.,francisco71@example.org,337
1183,Gabrielle Gonzalez,kristendouglas@example.org,16
1184,Sabrina Cline,djackson@example.org,272
1185,Robert Perez,darrylanderson@example.org,88
1186,Susan Jenkins,larry47@example.com,752
1187,Christie Davis,james53@example.com,915
1188,Kelly Guzman,ncherry@example.com,935
1189,Amanda Johnston,qperkins@example.org,218
1190,Eddie Hayes,howardrichard@example.net,541
1191,Mary Garcia,michellefoley@example.net,983
1192,Nathan Jones,diazshane@example.org,84
1193,Elizabeth Jensen,ashleyvance@example.net,551
1194,Beverly Deleon,savila@example.com,186
1195,Hannah Roach,floresdeborah@example.org,807
1196,Kristi Wright,gregoryshort@example.net,970
1197,Yolanda Gray,nwatson@example.com,308
1198,Stephanie Burns,pjones@example.com,259
1199,Steven Keith,kimberly82@example.com,57
1200,Alyssa Zuniga,xandrews@example.com,574
1201,Bridget Harrison,tharrison@example.org,944
1202,Wanda Castillo,allendaniel@example.com,86
1203,Margaret Jordan,yangdenise@example.com,59
1204,Sarah Mcgrath,michaelwilliams@example.org,347
1205,Sarah Brown,kelly98@example.com,180
1206,Jocelyn Carr,ypearson@example.com,267
1207,Julie Hall,jason93@example.com,421
1208,Jennifer Dennis,bradleybrennan@example.net,663
1209,Charlene Smith,mikewinters@example.net,805
1210,Mr. Richard Davies,lauragutierrez@example.com,213
1211,Jeffrey Guzman,gsimmons@example.net,420
1212,Wendy Smith,meyersleslie@example.org,818
1213,Jim Bernard,richardrodriguez@example.com,663
1214,Jordan Rogers,lopezemma@example.net,65
1215,Kurt Hughes,kimberlyvargas@example.com,664
1216,Erik Calderon,nataliepowers@example.com,577
1217,Patricia Wilson,alex31@example.com,392
1218,Jose Gross,bradley34@example.com,431
1219,Valerie Montgomery,belldaniel@example.net,141
1220,Mikayla Palmer,gharris@example.org,939
1221,Michelle Vaughn,zwiley@example.com,757
1222,Laura Lane,srocha@example.com,38
1223,Bradley Little,timothymoreno@example.net,777
1224,Carmen Pennington,maryholloway@example.net,226
1225,Hailey Farmer,hsullivan@example.net,928
1226,Juan Beck,millerbethany@example.com,58
1227,Elizabeth White,christine06@example.com,171
1228,Kevin Davis,gfrank@example.org,342
1229,Jack Brown,christophermay@example.com,293
1230,Terri Wilson,kevin29@example.net,320
1231,Connie Scott,petermorris@example.com,60
1232,Melissa Dawson MD,lopezdonna@example.net,377
1233,Paul Rush,benjamin85@example.net,900
1234,Leroy Deleon,mhernandez@example.org,144
1235,Scott Williams,lisa08@example.net,632
1236,Seth Rodriguez,qgrant@example.org,466
1237,Edward Cooper,jeffreygreen@example.net,801
1238,Sarah Buckley,hollyglass@example.org,492
1239,Edward Walker,garciacarly@example.net,919
1240,Jared Webster,jeremyscott@example.com,413
1241,Linda Gibson,stephanie03@example.org,736
1242,Benjamin Holland,zrodriguez@example.org,127
1243,Michelle Brooks,powersbernard@example.org,638
1244,Antonio Juarez,michaelclark@example.com,239
1245,Elizabeth Gomez,hansonnicholas@example.net,734
1246,Amanda Huffman,justinowen@example.net,816
1247,James Williams,pmedina@example.com,373
1248,Donald Riley,jessegrant@example.net,238
1249,Kristen Larson,juan53@example.com,171
1250,John Moss,michelle47@example.net,409
1251,Benjamin Kerr,fsullivan@example.com,477
1252,Miranda Golden,isaaclawson@example.org,502
1253,Kelly Cole,sorr@example.com,335
1254,Deanna Russell,pamela05@example.org,670
1255,Kathy Scott,andrewphillips@example.net,883
1256,Paula Watson,watsonwilliam@example.com,18
1257,Teresa Wade,michael79@example.com,708
1258,Anthony West,alex00@example.net,566
1259,Megan Deleon,samanthawest@example.org,555
1260,Samantha Smith,zstein@example.com,800
1261,Timothy Cox,simsronald@example.com,919
1262,Alexander Thompson,ryan71@example.org,41
1263,Bradley Santiago,anthony79@example.com,964
1264,Michael Cole,george36@example.net,634
1265,Terry Webb,lopezlisa@example.com,340
1266,Timothy Turner,hbennett@example.org,319
1267,Christopher Klein,kenneth03@example.org,879
1268,Sarah Burgess,eparker@example.net,883
1269,Charles Collins,aaronvega@example.net,373
1270,Ruth Coleman,torreserin@example.org,552
1271,Leslie Li,shane62@example.com,937
1272,John Harrison,garzameredith@example.org,502
1273,James Gonzalez,rachelrivas@example.net,986
1274,Jennifer Taylor,oconnorangela@example.net,63
1275,Maria Ballard,wilsonrobert@example.org,431
1276,Jody Acosta,denisefreeman@example.net,943
1277,Andrew Williams,robbinstony@example.com,805
1278,Cynthia Good,popecatherine@example.org,543
1279,Nicole Yoder,lisa03@example.net,567
1280,Tim Taylor,staceymurphy@example.org,547
1281,Thomas Williams,danielwallace@example.org,97
1282,Jason Zimmerman,joycepearson@example.com,978
1283,Peter Payne,usmith@example.com,402
1284,Donald Johnson,vcunningham@example.org,750
1285,Brian Silva,tammy04@example.org,754
1286,Richard Jackson,lhatfield@example.org,739
1287,Amy Allen,orandall@example.org,285
1288,Andrew Wood,ustrickland@example.org,576
1289,Dr. Amy Cooper MD,powelljonathan@example.com,212
1290,Larry Thompson,bburton@example.net,957
1291,Jason Cole,martinezashley@example.org,915
1292,Michael Hall,brian66@example.org,383
1293,Robert Wilson,iwashington@example.org,387
1294,Ryan Bernard,hollanddanny@example.com,263
1295,Shawn Rogers,jmarshall@example.org,120
1296,Tony Alexander,andrewreyes@example.net,426
1297,Craig Santiago,millersarah@example.com,108
1298,Nicole Singh,sgoodwin@example.com,240
1299,Jane Christian,mooredavid@example.com,625
1300,Jennifer George,dmercado@example.net,164
1301,Jessica Ramirez,linda09@example.net,250
1302,Gregory Lewis,bennettadrian@example.net,809
1303,Mary Davis,othompson@example.com,25
1304,Madison Townsend,bnorman@example.org,786
1305,Juan Hall,nrichardson@example.org,804
1306,Charles Ware,fullermisty@example.com,869
1307,Tiffany Washington DDS,wcampbell@example.net,927
1308,James Ramsey,tracydickson@example.net,444
1309,Paul Vargas,sean69@example.org,32
1310,Danielle Fischer,zacharywilson@example.com,128
1311,Benjamin Watson,nwilliams@example.org,271
1312,Kevin Huynh,amandabishop@example.net,193
1313,Joseph Jackson,campbelljesse@example.net,354
1314,Brandon Thompson,danamiller@example.org,418
1315,Jenna Velez,mariarobinson@example.org,65
1316,Melissa French,grayheather@example.net,457
1317,Belinda Bush,lowebrian@example.org,293
1318,Michael Ramos,michael53@example.net,175
1319,Kimberly Sellers,trevor68@example.net,430
1320,Steve Jones,acase@example.org,643
1321,Evan Hatfield,diane08@example.net,850
1322,Jonathan Strong,loganbaker@example.com,907
1323,Donald Bailey,mooredanielle@example.com,687
1324,Alexis Steele,jacobwilliams@example.com,384
1325,Joe Ramos,greenjohn@example.com,949
1326,Michael Glenn,smithrichard@example.com,85
1327,Valerie Williams,sullivanrebecca@example.org,65
1328,Lisa Moody,zmoore@example.org,720
1329,Tracey Elliott,nicole20@example.com,386
1330,Frances Bullock,mccoycatherine@example.org,197
1331,Alexander Stokes,deanleslie@example.com,366
1332,Amanda Reyes,fbrown@example.net,620
1333,Jill Sutton,nelsongail@example.net,452
1334,Laura Brown,douglaslarson@example.net,517
1335,Caroline Sanchez,perryamanda@example.net,881
1336,Nicholas Curtis,lori36@example.net,522
1337,Kirk Martin,rodriguezkatie@example.net,455
1338,Catherine Harris,jonescharlene@example.net,228
1339,Ashley Martinez,kylefrazier@example.com,351
1340,Jodi Dudley,hansenstephanie@example.org,609
1341,Donald Snyder,shelly83@example.net,993
1342,Richard Burke,april67@example.com,168
1343,Thomas Pace MD,charlesgallagher@example.net,724
1344,Nichole Garcia,richard64@example.com,99
1345,Janice Wright,victoria55@example.com,634
1346,Antonio Williams,oware@example.org,289
1347,Timothy Moore,bradley38@example.org,535
1348,Alexander Price,schultzrobert@example.com,854
1349,Deborah Byrd,nmartin@example.net,11
1350,Bryan Lopez,hsteele@example.org,993
1351,Tracy Campbell,nicholaswhite@example.org,442
1352,Karen Kirk,danielwilson@example.net,112
1353,Dr. Jennifer Robbins,rachael70@example.org,533
1354,Lisa Dickerson,tammyjones@example.com,314
1355,Kimberly Kelley,christopherblair@example.org,377
1356,Mark Mckenzie,autumn72@example.com,782
1357,Jean Wagner,johnny09@example.org,354
1358,Pamela Chambers,cwalker@example.net,47
1359,Kyle Wheeler,stevensmaria@example.net,624
1360,Bruce Nichols,ebird@example.org,336
1361,Jessica Espinoza DDS,deborah82@example.net,681
1362,Tara Campbell DVM,fullerjohnny@example.org,39
1363,Colleen Smith,melindaschwartz@example.com,121
1364,Daniel Robertson,bsutton@example.org,748
1365,Ashlee Miles,patrickmegan@example.com,463
1366,Natalie Obrien,torresallison@example.org,414
1367,Albert Carney,taylorjoshua@example.net,936
1368,Janet Martinez,odomfrank@example.com,314
1369,Craig Guzman,richardryan@example.net,254
1370,Jason Moss,awhite@example.org,186
1371,Lisa Cobb,nathanielsnow@example.net,325
1372,Jason Johnson,wweber@example.org,213
1373,Anthony Houston,njohnson@example.net,826
1374,Lori Bentley,tiffany31@example.net,398
1375,Sophia Thomas,danielarmstrong@example.com,767
1376,Daniel Mcneil,gjensen@example.net,903
1377,Andre Dominguez,angelachapman@example.com,678
1378,Brian Johnson,rmason@example.net,975
1379,Dalton Rodgers,drakesarah@example.net,504
1380,James Castaneda,adkinskaitlin@example.com,448
1381,Dawn Yang,todd15@example.net,683
1382,Michael Nguyen,jonathancole@example.com,919
1383,Leslie Tanner,carolynwilliams@example.com,590
1384,Mary Sherman,dpatterson@example.net,264
1385,Robin Spence,hobbsrobert@example.org,516
1386,Kathy Jones,lhayes@example.org,347
1387,Maureen Best,woodchristopher@example.net,275
1388,James Bird,brittanyleonard@example.com,284
1389,Lisa James,george35@example.com,693
1390,Caleb Ponce,josebrown@example.com,140
1391,Kurt Watson,delgadoamanda@example.com,572
1392,Jasmine Hernandez,sharonmcclain@example.net,837
1393,Kevin Young,robert70@example.com,679
1394,Lance Scott,cruzkenneth@example.org,321
1395,John Mcneil,kenneth01@example.com,799
1396,Mr. Thomas Foster,julie36@example.net,969
1397,Emily Jones,sarahmartin@example.com,976
1398,Colton Stevens,sally31@example.org,412
1399,Diane Sutton,ugonzales@example.org,809
1400,Michael Chaney,johndean@example.org,673
1401,Christopher Ray,dawn21@example.com,321
1402,Larry Wheeler,michael18@example.com,188
1403,Kathryn Hill,simsanita@example.com,280
1404,Isaac Black,alexis00@example.net,781
1405,Nicole Jackson,wilsonomar@example.net,511
1406,Jacob Rich,lgraham@example.com,218
1407,Robert Thompson,uglenn@example.net,517
1408,Richard Colon,velazquezkeith@example.com,487
1409,Christina Graham,iroberts@example.com,645
1410,Nicholas Brooks,justin38@example.com,159
1411,Kelly Johnson MD,vholder@example.net,53
1412,Derrick Blair,khoward@example.com,153
1413,William Campbell,mpowell@example.org,835
1414,Mark Hester PhD,phicks@example.com,848
1415,Teresa Marks,linda56@example.net,118
1416,Lawrence Page,willisjoel@example.com,603
1417,Jessica Marshall,connorphillips@example.net,558
1418,Steven Reed,matthewlutz@example.net,838
1419,Robert Arnold,taylormatthew@example.org,53
1420,Katrina Jackson,cantrellfrederick@example.net,932
1421,Michael Garrett,samantha93@example.net,975
1422,Richard Martin,christophersmith@example.com,784
1423,Alan Hodges,robersonveronica@example.com,811
1424,Stephen Lane,nicolethompson@example.org,986
1425,Michael Martin,larsongabriella@example.org,447
1426,Tyler Mason DDS,vanderson@example.net,53
1427,William Reese,andrewtrujillo@example.com,726
1428,Keith Davis,robinsonjoshua@example.net,177
1429,Laurie Miller,shane33@example.org,661
1430,Teresa Roberts,ramseyelizabeth@example.com,939
1431,Denise Brown,karenmendoza@example.net,614
1432,Dorothy Nelson,qwilson@example.org,160
1433,Nicholas Grant,rcamacho@example.org,156
1434,Shawn Stephens,jeffrey21@example.net,497
1435,Joseph Thompson,ronald80@example.com,230
1436,Patricia Miller,adowns@example.org,816
1437,Ernest Hunt,perkinsdonald@example.org,695
1438,James Henry,esnyder@example.net,447
1439,Robert Rich,aking@example.net,881
1440,Alexis Gordon,burgessjulia@example.com,751
1441,Randy Turner,seanlandry@example.net,611
1442,Philip Jackson,wgarcia@example.org,893
1443,Julie Thomas,ewood@example.net,387
1444,Wanda Blackburn,aescobar@example.org,387
1445,Jessica Rivera,troy42@example.org,790
1446,Jasmine Alexander,yolanda78@example.org,839
1447,Alejandra Greer,taylorjason@example.com,79
1448,Mrs. Dana Berry,stevensjorge@example.net,866
1449,Kristina Macdonald,john82@example.net,955
1450,Daniel Barrett,schwartzkylie@example.net,417
1451,Summer Nguyen,smithjason@example.com,577
1452,William Riddle,ellisonmark@example.com,894
1453,Samuel Hansen,pmurphy@example.org,309
1454,Jennifer Barry,vwallace@example.com,12
1455,Brittany Lindsey,franklisa@example.org,223
1456,Timothy Anthony,nmartin@example.net,56
1457,Allison Dixon,johnnykrause@example.com,551
1458,Justin Perez,michael05@example.com,396
1459,Stephen Phillips,moorekathryn@example.net,977
1460,Pamela Anderson,stephanie40@example.net,308
1461,Savannah Bailey,ellismichael@example.com,285
1462,Alyssa Pennington,efischer@example.org,434
1463,Kayla Garcia,jamiemontgomery@example.org,558
1464,Alexandra Cook,barnesjoseph@example.com,965
1465,Jessica Rogers,justinhansen@example.org,574
1466,John Bush,martin03@example.org,22
1467,Scott Day,michelle32@example.net,677
1468,Amanda Clark,aalvarez@example.net,474
1469,Leonard Dennis,christopher07@example.org,6
1470,Jeremy Richards,josegonzales@example.com,89
1471,Margaret Fischer,vickizuniga@example.com,748
1472,Jennifer Thomas,kmyers@example.org,577
1473,Kyle Brooks,meganstein@example.net,588
1474,Candice Wilson,rsmith@example.net,136
1475,Mark Campbell,angel26@example.net,332
1476,Linda Jones,cynthia16@example.com,435
1477,Anthony Waters,hernandezmark@example.com,529
1478,Jason Simmons,martinezleslie@example.net,950
1479,Sabrina Hall,jacquelinekim@example.org,254
1480,Jesse Miller,laura63@example.net,674
1481,Cindy Johnson,jirwin@example.com,451
1482,George West,gabrieldavid@example.com,105
1483,Suzanne Mooney,davidcannon@example.net,658
1484,Maria Thompson,stanley41@example.com,673
1485,Levi Williams,emilydavis@example.org,218
1486,Mason Kennedy,eburke@example.net,160
1487,Donald Elliott,donnawilliams@example.org,916
1488,Chelsea Lee,zhall@example.net,950
1489,Justin Jensen,austin35@example.com,462
1490,Lynn Smith,juarezpatricia@example.com,821
1491,Alicia Santana,mlewis@example.net,430
1492,William Collins,ralphponce@example.com,467
1493,Robert Powers,brownrebecca@example.org,739
1494,Claire Williams,benjaminreed@example.net,508
1495,Wayne Brown,kennethjohnson@example.com,672
1496,Lawrence Lester,joelhendrix@example.net,803
1497,Heather Riggs,michaelmarsh@example.com,794
1498,Sharon Morrison,chadbennett@example.com,14
1499,Ashley French,dsosa@example.org,20
1500,Kendra Black,qgarza@example.net,388
